ma_sp,ten_san_pham,thuong_hieu,loai,gia_shopee,gia_tiktok,tinh_trang,ban_tren_san,ghi_chu
NNNC7637188,Outpow,Panasonic,Ốp trần nổi,334.000đ,349.000đ,"Đặt trước (kho tạm hết, nhập theo yêu cầu)",Có,Màu: Ánh Sáng Trắng
FDL72300V0-EX/DL,Đèn LED ốp trần 15W-ánh sáng trắng 6500K FDL72300V0-EX/DL,Megaman,Ốp trần nổi,185.000đ,192.000đ,Có sẵn,Có,Màu: Ánh Sáng Trắng
MXL1115-18W/DL 6500K,Đèn Led ốp trần 18W 6500K MXL1115-18W/DL,Megaman,Ốp trần nổi,231.000đ,241.000đ,Có sẵn,Có,Màu: Ánh Sáng Trắng
MXTL1033-Y18W/DL,Đèn Led lắp nổi -18W 6500K MXTL1033-Y18W/DL,Megaman,Ốp trần nổi,222.000đ,232.000đ,Có sẵn,Có,Màu: Ánh Sáng Trắng
NNV70061WE1A,LED DOWNLIGHT DN 2G 9W 65K NNV70061WE1A,Panasonic,Đèn âm trần,155.000đ,161.000đ,Có sẵn,Có,Màu: Ánh sáng trắng
NNV70041WE1A,LED DOWNLIGHT DN 2G 9W 40K NNV70041WE1A,Panasonic,Đèn âm trần,155.000đ,161.000đ,Có sẵn,Có,Màu: Ánh sáng trung tính
NNV70062WE1A,LED DOWNLIGHT DN 2G 12W 65K NNV70062WE1A,Panasonic,Đèn âm trần,221.000đ,230.000đ,"Đặt trước (kho tạm hết, nhập theo yêu cầu)",Có,Màu: Ánh sáng trắng
NNV70950WE1A,ĐÈN DOWNLIGHT DN 2G ĐỔI MÀU 9W NNV70950WE1A,Panasonic,Đèn âm trần,180.000đ,187.000đ,Có sẵn,Có,Đổi Màu; Màu: Đổi màu ( 3 màu ánh sáng: trắng/ trung tính/ vàng đậm)
DN027B LED6/NW 7W D100 G2,Đèn Downlight DN027B LED6/NW 7W D100 G2,Philips,Đèn âm trần,109.000đ,113.000đ,Có sẵn,Có,Màu: Ánh sáng trung tính
59447 D90 5W 65K,Đèn Downlight 59447 MESON D90 5W 65K,Philips,Đèn âm trần,93.000đ,96.000đ,Có sẵn,Có,Màu: Ánh sáng trắng
MQTL1127-Y7W-6500K,Đèn LED âm trần 7w 6500K MQTL1127-Y7W-DL,Megaman,Đèn âm trần,77.000đ,79.000đ,Có sẵn,Có,Màu: Ánh sáng trắng
MQTL1127-Y7W-4000K,Đèn LED âm trần 7w 4000K MQTL1127-Y7W-CW,Megaman,Đèn âm trần,77.000đ,79.000đ,Có sẵn,Có,Màu: Ánh sáng trung tính
MQTL1127-9W/CW 4000K,Đèn Led âm trần 9W 4000K MQTL1127-9W/CW,Megaman,Đèn âm trần,93.000đ,96.000đ,Có sẵn,Có,Màu: Ánh sáng trung tính
MQTL1127-Y12W- 6500K,Đèn Led âm trần 12W 6500K MQTL1127-Y12W/DL,Megaman,Đèn âm trần,114.000đ,118.000đ,Có sẵn,Có,Màu: Ánh sáng trắng
MQTL1127-Y12W- 4000K,Đèn Led âm trần 12W 4000K QTL1127-Y12W/CW,Megaman,Đèn âm trần,114.000đ,118.000đ,Có sẵn,Có,Màu: Ánh sáng trung tính
MQTL1208-7W DCS,Đèn led âm trần viền trắng chỉ vàng 3 màu ánh sáng 7w - MQTL1208-7W DCS,Megaman,Đèn âm trần,140.000đ,146.000đ,Có sẵn,Có,Đổi màu; Màu: Đổi màu ( 3 màu ánh sáng: trắng/ trung tính/ vàng đậm)
MQTL1208-9W DCS,Đèn led âm trần viền trắng chỉ vàng 3 màu ánh sáng 9w - MQTL1208-9W DCS,Megaman,Đèn âm trần,155.000đ,161.000đ,Có sẵn,Có,Đổi màu; Màu: Đổi màu ( 3 màu ánh sáng: trắng/ trung tính/ vàng đậm)
MQTL1208-12W DCS,Đèn led âm trần viền trắng chỉ vàng 3 màu ánh sáng 12w - MQTL1208-12W DCS,Megaman,Đèn âm trần,191.000đ,199.000đ,Có sẵn,Có,Đổi màu; Màu: Đổi màu ( 3 màu ánh sáng: trắng/ trung tính/ vàng đậm)
NED096,Đèn dowlight 9W trắng NED096,Nanoco,Đèn âm trần,116.000đ,120.000đ,Có sẵn,Có,Màu: Ánh sáng trắng
NED1261,Đèn dowlight 12W trắng NED01261,Nanoco,Đèn âm trần,132.000đ,137.000đ,"Đặt trước (kho tạm hết, nhập theo yêu cầu)",Có,Màu: Ánh sáng trắng
NED09C,Đèn LED downlight ECO đổi màu 9W-NED09C,Nanoco,Đèn âm trần,129.000đ,134.000đ,Có sẵn,Có,Màu: Đổi màu ( 3 màu ánh sáng: trắng/ trung tính/ vàng đậm)
ESS LEDBulb 7W 65K,Bóng đèn ESS LEDBulb 7W E27 65K A60,Philips,Đèn Bulb,42.000đ,42.000đ,Có sẵn,Có,Màu: Ánh sáng trắng
YTA60X1-7W/DL,Bóng Led cầu-7W 6500K YTA60X1-7W/DL,Megaman,Đèn Bulb,40.000đ,41.000đ,Có sẵn,Có,Màu: Ánh sáng trắng
YTA60X1-9W/DL,Bóng Led cầu-9W 6500K YTA60X1-9W/DL,Megaman,Đèn Bulb,45.000đ,46.000đ,Có sẵn,Có,Màu: Ánh sáng trắng
YTT80X1-20W/DL,Bóng Led Trụ-20W 6500K YTT80X1-20W/DL,Megaman,Bulb trụ,77.000đ,79.000đ,Có sẵn,Có,Màu: Ánh sáng trắng
YTT100X1-30W/DL,Bóng Led Trụ-30W 6500K YTT100X1-30W/DL,Megaman,Bulb trụ,116.000đ,120.000đ,Có sẵn,Có,Màu: Ánh sáng trắng
YTT120X1-40W/DL,Bóng Led Trụ-40W 6500K YTT120X1-40W/DL,Megaman,Bulb trụ,177.000đ,184.000đ,Có sẵn,Có,Màu: Ánh sáng trắng
YTT140X1-50W/DL,Bóng Led Trụ-50W 6500K YTT140X1-50W/DL,Megaman,Bulb trụ,211.000đ,220.000đ,Có sẵn,Có,Màu: Ánh sáng trắng
NLBT206,"Bóng đèn Búp trụ 20W, đui E27, 6500K",Nanoco,Bulb trụ,103.000đ,106.000đ,"Đặt trước (kho tạm hết, nhập theo yêu cầu)",Có,Màu: Ánh sáng trắng
NLBT306,"Bóng đèn Búp trụ 30W, đui E27, 6500K",Nanoco,Bulb trụ,137.000đ,142.000đ,"Đặt trước (kho tạm hết, nhập theo yêu cầu)",Có,Màu: Ánh sáng trắng
NLBT406,"Bóng đèn Búp trụ 40W, đui E27, 6500K",Nanoco,Bulb trụ,183.000đ,191.000đ,"Đặt trước (kho tạm hết, nhập theo yêu cầu)",Có,Màu: Ánh sáng trắng
NLBT506,"Bóng đèn Búp trụ 50W, đui E27, 6500K",Nanoco,Bulb trụ,245.000đ,256.000đ,"Đặt trước (kho tạm hết, nhập theo yêu cầu)",Có,Màu: Ánh sáng trắng
STARBRIGHT WIDE NXT LED40/CW L1200,Đèn bán nguyệt STARBRIGHT WIDE NXT LED40/CW L1200,Philips,Bán nguyệt,313.000đ,327.000đ,Có sẵn,Có,Kích thước đèn dài 1m2; Màu: Ánh sáng trắng
NSHE206,"Đèn Led bán nguyệt Eco, công suất 20W, Dài 60cm",Nanoco,Bán nguyệt,140.000đ,146.000đ,"Đặt trước (kho tạm hết, nhập theo yêu cầu)",Có,Kích thước đèn dài 60cm; Màu: Ánh sáng trắng
NSHE406,"Đèn Led bán nguyệt Eco, công suất 40W, Dài 120cm",Nanoco,Bán nguyệt,198.000đ,206.000đ,"Đặt trước (kho tạm hết, nhập theo yêu cầu)",Có,Kích thước đèn dài 120cm; Màu: Ánh sáng trắng
NSHE506,"Đèn Led bán nguyệt Eco, công suất 50W, Dài 120cm",Nanoco,Bán nguyệt,214.000đ,223.000đ,"Đặt trước (kho tạm hết, nhập theo yêu cầu)",Có,Kích thước đèn dài 120cm; Màu: Ánh sáng trắng
NLF1625,"Quạt Lửng Cơ, 3 cánh quạt, 3 cấp độ gió.",Nanoco,Quạt đứng,881.000đ,925.000đ,"Đặt trước (kho tạm hết, nhập theo yêu cầu)",Có,"Màu: Hồng, Xanh, Ghi"
NSF1641RC,"Quạt đứng remote, 3 cánh quạt, 3 cấp độ gió, điều khiển bằng phím bấm và remote",Nanoco,Quạt đứng,1.583.000đ,1.663.000đ,"Đặt trước (kho tạm hết, nhập theo yêu cầu)",Có,"Màu: Ghi, Xanh Navy, Xám Nhạt"
,"Quạt treo tường Remote, công suất 47W, 3 cánh quạt, 3 cấp độ gió, điều khiển bằng Remote",Nanoco,Quạt treo tường,1.027.000đ,1.079.000đ,"Đặt trước (kho tạm hết, nhập theo yêu cầu)",Có,"Màu: Ghi, Xám nhạt"
NWF1219RC,"Quạt treo tường Remote, công suất 30W, 3 cánh quạt, 3 cấp độ gió, điều khiển bằng Remote",Nanoco,Quạt treo tường,849.000đ,891.000đ,"Đặt trước (kho tạm hết, nhập theo yêu cầu)",Có,Màu: Ghi
WCHG243322W-VN,"Ổ cắm có dây, 3 ổ cắm, 2 USB, dây dài 3 mét",Panasonic,Ổ cắm dây,960.000đ,1.008.000đ,"Đặt trước (kho tạm hết, nhập theo yêu cầu)",Có,Màu: trắng
WCHG24332W,"Ổ cắm có dây, 3 ổ cắm, dây dài 3 mét",Panasonic,Ổ cắm dây,549.000đ,575.000đ,"Đặt trước (kho tạm hết, nhập theo yêu cầu)",Có,Màu: trắng
WCHG2836,"Ổ cắm có dây, 6 ổ cắm 3 chấu, dây dài 3 mét",Panasonic,Ổ cắm dây,985.000đ,1.034.000đ,"Đặt trước (kho tạm hết, nhập theo yêu cầu)",Có,Màu: trắng
F-60FV2,"Quạt trần, 3 cánh (cánh dài 150cm), Hộp số nổi hoặc lắp âm, Công suất 74W, 5 cấp độ gió",Panasonic,Cánh quạt,1.962.000đ,2.061.000đ,"Đặt trước (kho tạm hết, nhập theo yêu cầu)",Có,Màu: Trắng
F-60MZ2,"Quạt trần, 3 cánh (cánh dài 150cm), Hộp số nổi, Công suất 66W, 5 cấp độ gió",Panasonic,Cánh quạt,1.606.000đ,1.687.000đ,"Đặt trước (kho tạm hết, nhập theo yêu cầu)",Có,"Màu: Trắng, hoặc Đen"
WEV1081SW,"Ổ cắm đơn 2 chấu có màn che, 16A, dây điện cắm nhanh. Dòng wide",Panasonic,Ổ cắm đơn,53.000đ,54.000đ,Có sẵn,Có,Màu: Trắng
WEV1181SW,"Ổ cắm đơn 3 chấu có màn che, và dây nối đất, 16A, Dây điện cắm nhanh. Dòng wide",Panasonic,Ổ cắm đơn 3 chấu,85.000đ,87.000đ,Có sẵn,Có,Màu: Trắng
WEV1582SW,"Ổ cắm đôi 3 chấu có màn che, và dây nối đất, 16A, Dây điện cắm nhanh. Dòng wide",Panasonic,Đôi ổ cắm 3 chấu,119.000đ,123.000đ,Có sẵn,Có,Màu: Trắng
WEV1081H,"Ổ cắm đơn 2 chấu có màn che, 16A, dây điện cắm nhanh. Dòng wide",Panasonic,Ổ cắm đơn,65.000đ,67.000đ,Có sẵn,Có,Màu: Đen
WEV1181H,"Ổ cắm đơn 3 chấu có màn che, và dây nối đất, 16A, Dây điện cắm nhanh. Dòng wide",Panasonic,Ổ cắm đơn 3 chấu,113.000đ,117.000đ,Có sẵn,Có,Màu: Đen
WEV1582H,"Ổ cắm đôi 3 chấu có màn che, và dây nối đất, 16A, Dây điện cắm nhanh.Dòng wide",Panasonic,Đôi ổ cắm 3 chấu,159.000đ,165.000đ,Có sẵn,Có,Màu: Đen
,"Công tắc đèn 1 chiều, 16A, loại dây điện cắm nhanh, dòng wide, màu trắng",Panasonic,Công tắc 1 chiều (Trắng),34.000đ,34.000đ,Có sẵn,Có,Màu: Trắng
WEV5001H,"Công tắc đèn 1 chiều, 16A, loại dây điện cắm nhanh, dòng wide, màu đen",Panasonic,Công tắc 1 chiều (Đen),49.000đ,50.000đ,Có sẵn,Có,Màu: Đen
WEV5002SW,"Công tắc cầu thang, 2 chiều, 16A, loại dây điện cắm nhanh, dòng wide, màu trắng",Panasonic,Công tắc 2 chiều (Trắng),60.000đ,61.000đ,Có sẵn,Có,Màu: Trắng
WEV5002H,"Công tắc cầu thang, 2 chiều, 16A, loại dây điện cắm nhanh, dòng wide, màu đen",Panasonic,Công tắc 2 chiều (Đen),80.000đ,82.000đ,Có sẵn,Có,Màu: Đen
WEV68010SW,"Mặt nạ dùng cho 1 thiết bị, màu trắng",Panasonic,Mặt nạ 1 thiết bị,28.000đ,28.000đ,Có sẵn,Có,Màu: Trắng
WEV68020SW,"Mặt nạ dùng cho 2 thiết bị, màu trắng",Panasonic,Mặt nạ 2 thiết bị,28.000đ,28.000đ,Có sẵn,Có,Màu: Trắng
WEV68030SW,"Mặt nạ dùng cho 3 thiết bị, màu trắng",Panasonic,Mặt nạ 3 thiết bị,28.000đ,28.000đ,Có sẵn,Có,Màu: Trắng
WEV68040SW,"Mặt nạ dùng cho 4 thiết bị, màu trắng",Panasonic,Mặt nạ 4 thiết bị,47.000đ,48.000đ,Có sẵn,Có,Màu: Trắng
WEV68060SW,"Mặt nạ dùng cho 6 thiết bị, màu trắng",Panasonic,Mặt nạ 6 thiết bị,47.000đ,48.000đ,Có sẵn,Có,Màu: Trắng
NA01,"Đế âm đơn, kích thước 106x64x43 mm",Nanoco,Đế âm đơn,17.000đ,16.000đ,Có sẵn,Có,Màu: Trắng
NA102,"Đế âm đôi, kích thước 109x103x44 mm",Nanoco,Đế âm đôi,21.000đ,21.000đ,Có sẵn,Có,Màu: Trắng
NN101F/NN101W-Wide,"Đế nổi đơn, kích thước 120x70x35 mm",Nanoco,Hộp nổi đơn,21.000đ,21.000đ,Có sẵn,Có,Màu: Trắng
NN102F/NN102W-Wide,"Đế nổi đôi, kích thước 120x115x35 mm",Nanoco,Hộp nổi đôi,28.000đ,27.000đ,Có sẵn,Có,Màu: Trắng
WEV1081SW + WEV68010SW,1 ổ cắm + 1 mặt nạ,Panasonic,Mặt nạ 1,72.000đ,74.000đ,Có sẵn,Có,Màu: Trắng
WEV5001SW + WEV68010SW,1 công tắc + 1 mặt nạ,Panasonic,Mặt nạ 1,53.000đ,54.000đ,Có sẵn,Có,Màu: Trắng
WEV5001SW + WEV1081SW + WEV68020SW,1 công tắc + 1 ổ cắm + 1 mặt nạ,Panasonic,Mặt nạ 2,96.000đ,100.000đ,Có sẵn,Có,Màu: Trắng
WEV1081SW + WEV68020SW,2 ổ cắm + 1 mặt nạ,Panasonic,Mặt nạ 2,115.000đ,119.000đ,Có sẵn,Có,Màu: Trắng
WEV5001SW + WEV68020SW,2 công tắc + 1 mặt nạ,Panasonic,Mặt nạ 2,78.000đ,80.000đ,Có sẵn,Có,Màu: Trắng
WEV1582SW + WEV68030SW,Đôi ổ cắm 3 chấu + 1 mặt nạ,Panasonic,Mặt nạ 3,138.000đ,143.000đ,Có sẵn,Có,Màu: Trắng
WEV5001SW + WEV68030SW,3 công tắc + 1 mặt nạ,Panasonic,Mặt nạ 3,102.000đ,106.000đ,Có sẵn,Có,Màu: Trắng
WEV1081SW + WEV68030SW,3 ổ cắm + 1 mặt nạ,Panasonic,Mặt nạ 3,159.000đ,165.000đ,Có sẵn,Có,Màu: Trắng
WEV5001SW + WEV1081SW + WEV68040SW,2 công tắc + 2 ổ cắm + 1 mặt nạ,Panasonic,Mặt nạ 4,232.000đ,242.000đ,Có sẵn,Có,Màu: Trắng
WEV5001SW + WEV1081SW + WEV68040SW,1 ổ cắm + 3 công tắc + 1 mặt nạ,Panasonic,Mặt nạ 4,164.000đ,171.000đ,Có sẵn,Có,Màu: Trắng
WEV5001SW + WEV1081SW + WEV68040SW,1 công tắc+ 3 ổ cắm + 1 mặt nạ,Panasonic,Mặt nạ 4,202.000đ,211.000đ,Có sẵn,Có,Màu: Trắng
WEV1582SW + WEV5001SW + WEV68060SW,Đôi ổ cắm 3 chấu + 3 công tắc + 1 mặt nạ,Panasonic,Mặt nạ 6,231.000đ,241.000đ,Có sẵn,Có,Màu: Trắng
WEV1582SW + WEV68060SW,2 đôi ổ cắm 3 chấu + 1 mặt nạ,Panasonic,Mặt nạ 6,267.000đ,279.000đ,Có sẵn,Có,Màu: Trắng
